"Date","Open","High","Low","Close"
"Mon Jul 02 1990 00:00:00 GMT+0530 (India Standard Time)","279.00","347.40","279.00","347.40"
"Wed Aug 01 1990 00:00:00 GMT+0530 (India Standard Time)","337.20","400.00","322.10","400.00"
"Mon Sep 03 1990 00:00:00 GMT+0530 (India Standard Time)","407.10","452.30","389.80","439.70"
"Mon Oct 01 1990 00:00:00 GMT+0530 (India Standard Time)","439.50","480.30","383.70","403.60"
"Thu Nov 01 1990 00:00:00 GMT+0530 (India Standard Time)","412.90","435.10","367.60","367.60"
"Mon Dec 03 1990 00:00:00 GMT+0530 (India Standard Time)","371.10","382.10","326.90","330.80"
"Tue Jan 01 1991 00:00:00 GMT+0530 (India Standard Time)","318.90","326.30","306.20","314.30"
"Fri Feb 01 1991 00:00:00 GMT+0530 (India Standard Time)","324.20","379.90","322.20","379.90"
"Fri Mar 01 1991 00:00:00 GMT+0530 (India Standard Time)","381.50","385.60","361.30","366.40"
"Mon Apr 01 1991 00:00:00 GMT+0530 (India Standard Time)","372.70","406.90","372.70","389.00"
"Wed May 01 1991 00:00:00 GMT+0530 (India Standard Time)","397.10","411.80","392.20","403.10"
"Mon Jun 03 1991 00:00:00 GMT+0530 (India Standard Time)","400.00","415.80","386.90","391.90"
"Mon Jul 01 1991 00:00:00 GMT+0530 (India Standard Time)","393.60","503.00","393.60","498.70"
"Thu Aug 01 1991 00:00:00 GMT+0530 (India Standard Time)","498.10","545.60","487.50","531.90"
"Mon Sep 02 1991 00:00:00 GMT+0530 (India Standard Time)","524.70","563.20","521.70","553.70"
"Tue Oct 01 1991 00:00:00 GMT+0530 (India Standard Time)","548.30","554.40","510.50","554.40"
"Fri Nov 01 1991 00:00:00 GMT+0530 (India Standard Time)","559.50","572.20","549.90","563.10"
"Mon Dec 02 1991 00:00:00 GMT+0530 (India Standard Time)","563.40","563.40","533.50","558.60"
"Wed Jan 01 1992 00:00:00 GMT+0530 (India Standard Time)","572.80","684.90","572.80","684.90"
"Mon Feb 03 1992 00:00:00 GMT+0530 (India Standard Time)","673.60","889.30","651.40","889.30"
"Mon Mar 02 1992 00:00:00 GMT+0530 (India Standard Time)","982.30","1261.50","906.90","1261.50"
"Wed Apr 01 1992 00:00:00 GMT+0530 (India Standard Time)","1275.50","1280.90","1065.50","1105.50"
"Fri May 01 1992 00:00:00 GMT+0530 (India Standard Time)","1011.10","1032.00","826.10","826.10"
"Mon Jun 01 1992 00:00:00 GMT+0530 (India Standard Time)","829.90","873.70","829.90","855.80"
"Wed Jul 01 1992 00:00:00 GMT+0530 (India Standard Time)","816.80","816.80","755.20","767.90"
"Mon Aug 03 1992 00:00:00 GMT+0530 (India Standard Time)","765.70","862.40","705.80","850.80"
"Tue Sep 01 1992 00:00:00 GMT+0530 (India Standard Time)","862.90","961.50","856.80","938.10"
"Thu Oct 01 1992 00:00:00 GMT+0530 (India Standard Time)","944.80","944.80","809.80","809.80"
"Mon Nov 02 1992 00:00:00 GMT+0530 (India Standard Time)","835.50","836.60","698.20","726.30"
"Tue Dec 01 1992 00:00:00 GMT+0530 (India Standard Time)","737.20","785.50","690.60","761.30"
"Fri Jan 01 1993 00:00:00 GMT+0530 (India Standard Time)","744.90","785.20","705.00","785.20"
"Mon Feb 01 1993 00:00:00 GMT+0530 (India Standard Time)","772.70","821.90","764.10","774.10"
"Mon Mar 01 1993 00:00:00 GMT+0530 (India Standard Time)","749.80","749.80","644.00","660.50"
"Thu Apr 01 1993 00:00:00 GMT+0530 (India Standard Time)","671.30","694.90","599.50","622.40"
"Mon May 03 1993 00:00:00 GMT+0530 (India Standard Time)","613.40","695.20","613.40","656.10"
"Tue Jun 01 1993 00:00:00 GMT+0530 (India Standard Time)","670.20","715.70","648.40","667.50"
"Thu Jul 01 1993 00:00:00 GMT+0530 (India Standard Time)","668.60","706.80","637.00","706.80"
"Mon Aug 02 1993 00:00:00 GMT+0530 (India Standard Time)","713.00","833.20","711.20","799.60"
"Wed Sep 01 1993 00:00:00 GMT+0530 (India Standard Time)","797.90","852.30","770.90","827.10"
"Fri Oct 01 1993 00:00:00 GMT+0530 (India Standard Time)","814.30","839.90","802.30","817.10"
"Mon Nov 01 1993 00:00:00 GMT+0530 (India Standard Time)","801.60","988.80","799.50","988.80"
"Wed Dec 01 1993 00:00:00 GMT+0530 (India Standard Time)","1007.90","1069.70","969.90","1042.50"
"Mon Jan 03 1994 00:00:00 GMT+0530 (India Standard Time)","1083.70","1272.80","1082.80","1246.50"
"Tue Feb 01 1994 00:00:00 GMT+0530 (India Standard Time)","1229.90","1349.40","1195.30","1349.40"
"Tue Mar 01 1994 00:00:00 GMT+0530 (India Standard Time)","1304.40","1304.40","1153.80","1177.00"
"Fri Apr 01 1994 00:00:00 GMT+0530 (India Standard Time)","1182.30","1229.70","1147.90","1150.50"
"Mon May 02 1994 00:00:00 GMT+0530 (India Standard Time)","1148.70","1210.80","1121.50","1187.00"
"Wed Jun 01 1994 00:00:00 GMT+0530 (India Standard Time)","1186.00","1318.50","1186.00","1249.40"
"Fri Jul 01 1994 00:00:00 GMT+0530 (India Standard Time)","1262.00","1278.50","1241.20","1278.50"
"Mon Aug 01 1994 00:00:00 GMT+0530 (India Standard Time)","1308.00","1373.20","1303.30","1373.20"
"Thu Sep 01 1994 00:00:00 GMT+0530 (India Standard Time)","1366.30","1384.90","1290.50","1290.50"
"Mon Oct 03 1994 00:00:00 GMT+0530 (India Standard Time)","1304.80","1326.60","1267.20","1267.20"
"Tue Nov 01 1994 00:00:00 GMT+0530 (India Standard Time)","1283.30","1283.30","1208.00","1245.70"
"Thu Dec 01 1994 00:00:00 GMT+0530 (India Standard Time)","1240.00","1240.00","1136.20","1182.20"
"Mon Jan 02 1995 00:00:00 GMT+0530 (India Standard Time)","1182.00","1182.00","1019.20","1071.20"
"Wed Feb 01 1995 00:00:00 GMT+0530 (India Standard Time)","1061.70","1076.20","948.90","1014.70"
"Wed Mar 01 1995 00:00:00 GMT+0530 (India Standard Time)","1027.50","1060.00","988.50","990.20"
"Mon Apr 03 1995 00:00:00 GMT+0530 (India Standard Time)","1005.30","1052.00","941.80","941.80"
"Mon May 01 1995 00:00:00 GMT+0530 (India Standard Time)","908.60","997.40","908.60","997.40"
"Thu Jun 01 1995 00:00:00 GMT+0530 (India Standard Time)","1012.10","1016.20","961.20","961.20"
"Mon Jul 03 1995 00:00:00 GMT+0530 (India Standard Time)","938.50","1040.50","931.30","994.20"
"Tue Aug 01 1995 00:00:00 GMT+0530 (India Standard Time)","993.50","1007.50","967.40","971.70"
"Fri Sep 01 1995 00:00:00 GMT+0530 (India Standard Time)","971.30","1018.80","960.60","1011.90"
"Mon Oct 02 1995 00:00:00 GMT+0530 (India Standard Time)","1027.50","1044.30","985.70","988.20"
"Wed Nov 01 1995 00:00:00 GMT+0530 (India Standard Time)","1004.50","1004.50","822.50","862.10"
"Fri Dec 01 1995 00:00:00 GMT+0530 (India Standard Time)","867.90","927.60","854.40","908.50"
"Mon Jan 01 1996 00:00:00 GMT+0530 (India Standard Time)","913.10","913.10","813.10","848.40"
"Thu Feb 01 1996 00:00:00 GMT+0530 (India Standard Time)","848.20","1067.40","848.20","992.50"
"Fri Mar 01 1996 00:00:00 GMT+0530 (India Standard Time)","994.60","1010.50","945.00","985.30"
"Mon Apr 01 1996 00:00:00 GMT+0530 (India Standard Time)","988.30","1160.10","988.30","1114.30"
"Wed May 01 1996 00:00:00 GMT+0530 (India Standard Time)","1141.60","1141.60","1046.90","1089.90"
"Mon Jun 03 1996 00:00:00 GMT+0530 (India Standard Time)","1098.10","1203.10","1098.10","1122.00"
"Mon Jul 01 1996 00:00:00 GMT+0530 (India Standard Time)","1121.00","1127.00","999.00","1042.80"
"Thu Aug 01 1996 00:00:00 GMT+0530 (India Standard Time)","1047.40","1054.20","968.70","1029.00"
"Mon Sep 02 1996 00:00:00 GMT+0530 (India Standard Time)","1028.90","1046.50","932.20","943.90"
"Tue Oct 01 1996 00:00:00 GMT+0530 (India Standard Time)","944.50","956.40","850.50","909.20"
"Fri Nov 01 1996 00:00:00 GMT+0530 (India Standard Time)","910.30","915.30","822.10","830.30"
"Mon Dec 02 1996 00:00:00 GMT+0530 (India Standard Time)","830.40","922.10","775.40","899.10"
"Wed Jan 01 1997 00:00:00 GMT+0530 (India Standard Time)","905.20","1085.70","905.20","972.60"
"Mon Feb 03 1997 00:00:00 GMT+0530 (India Standard Time)","967.90","1106.50","944.20","1102.90"
"Mon Mar 03 1997 00:00:00 GMT+0530 (India Standard Time)","1102.40","1167.90","966.80","968.30"
"Tue Apr 01 1997 00:00:00 GMT+0530 (India Standard Time)","931.90","1088.40","931.50","1079.80"
"Thu May 01 1997 00:00:00 GMT+0530 (India Standard Time)","1074.70","1074.70","1018.10","1050.90"
"Mon Jun 02 1997 00:00:00 GMT+0530 (India Standard Time)","1053.00","1194.70","1051.00","1192.40"
"Tue Jul 01 1997 00:00:00 GMT+0530 (India Standard Time)","1201.30","1252.70","1153.70","1221.50"
"Fri Aug 01 1997 00:00:00 GMT+0530 (India Standard Time)","1224.40","1297.00","1098.90","1105.00"
"Mon Sep 01 1997 00:00:00 GMT+0530 (India Standard Time)","1105.40","1168.30","1079.50","1123.80"
"Wed Oct 01 1997 00:00:00 GMT+0530 (India Standard Time)","1123.40","1192.00","1028.20","1085.20"
"Mon Nov 03 1997 00:00:00 GMT+0530 (India Standard Time)","1085.70","1097.00","971.20","1023.90"
"Mon Dec 01 1997 00:00:00 GMT+0530 (India Standard Time)","1023.80","1083.30","943.00","1079.40"
"Thu Jan 01 1998 00:00:00 GMT+0530 (India Standard Time)","1078.90","1102.10","929.00","963.40"
"Mon Feb 02 1998 00:00:00 GMT+0530 (India Standard Time)","963.40","1064.10","949.60","1060.70"
"Mon Mar 02 1998 00:00:00 GMT+0530 (India Standard Time)","1060.90","1156.70","1046.70","1116.90"
"Wed Apr 01 1998 00:00:00 GMT+0530 (India Standard Time)","1117.10","1247.10","1117.10","1159.30"
"Fri May 01 1998 00:00:00 GMT+0530 (India Standard Time)","1159.80","1196.70","1037.90","1063.10"
"Mon Jun 01 1998 00:00:00 GMT+0530 (India Standard Time)","1064.00","1100.00","853.00","941.60"
"Wed Jul 01 1998 00:00:00 GMT+0530 (India Standard Time)","941.60","1015.50","895.80","931.40"
"Mon Aug 03 1998 00:00:00 GMT+0530 (India Standard Time)","930.80","930.80","830.10","852.80"
"Tue Sep 01 1998 00:00:00 GMT+0530 (India Standard Time)","852.70","945.20","832.00","904.90"
"Thu Oct 01 1998 00:00:00 GMT+0530 (India Standard Time)","904.70","904.70","803.30","824.00"
"Mon Nov 02 1998 00:00:00 GMT+0530 (India Standard Time)","824.20","882.10","800.10","817.70"
"Tue Dec 01 1998 00:00:00 GMT+0530 (India Standard Time)","816.50","903.80","812.20","884.20"
"Fri Jan 01 1999 00:00:00 GMT+0530 (India Standard Time)","886.70","1016.30","882.60","966.20"
"Mon Feb 01 1999 00:00:00 GMT+0530 (India Standard Time)","962.40","989.10","907.40","981.30"
"Mon Mar 01 1999 00:00:00 GMT+0530 (India Standard Time)","992.40","1099.80","984.40","1078.00"
"Thu Apr 01 1999 00:00:00 GMT+0530 (India Standard Time)","1082.50","1084.00","916.00","978.20"
"Mon May 03 1999 00:00:00 GMT+0530 (India Standard Time)","979.80","1201.30","968.20","1132.30"
"Tue Jun 01 1999 00:00:00 GMT+0530 (India Standard Time)","1125.50","1228.50","1099.80","1187.70"
"Thu Jul 01 1999 00:00:00 GMT+0530 (India Standard Time)","1187.80","1367.90","1179.30","1310.10"
"Mon Aug 02 1999 00:00:00 GMT+0530 (India Standard Time)","1309.80","1435.50","1277.80","1412.00"
"Wed Sep 01 1999 00:00:00 GMT+0530 (India Standard Time)","1412.00","1432.50","1329.70","1413.10"
"Fri Oct 01 1999 00:00:00 GMT+0530 (India Standard Time)","1414.60","1522.80","1296.70","1325.40"
"Mon Nov 01 1999 00:00:00 GMT+0530 (India Standard Time)","1325.90","1418.10","1239.80","1376.10"
"Wed Dec 01 1999 00:00:00 GMT+0530 (India Standard Time)","1375.00","1510.80","1374.70","1480.40"
"Mon Jan 03 2000 00:00:00 GMT+0530 (India Standard Time)","1482.10","1671.10","1482.10","1546.20"
"Tue Feb 01 2000 00:00:00 GMT+0530 (India Standard Time)","1546.20","1818.10","1521.40","1654.80"
"Wed Mar 01 2000 00:00:00 GMT+0530 (India Standard Time)","1661.50","1773.80","1489.10","1528.40"
"Mon Apr 03 2000 00:00:00 GMT+0530 (India Standard Time)","1528.70","1636.90","1311.30","1406.50"
"Mon May 01 2000 00:00:00 GMT+0530 (India Standard Time)","1410.00","1436.60","1201.50","1380.40"
"Thu Jun 01 2000 00:00:00 GMT+0530 (India Standard Time)","1380.40","1539.10","1345.10","1471.40"
"Mon Jul 03 2000 00:00:00 GMT+0530 (India Standard Time)","1473.40","1564.70","1269.20","1332.80"
"Tue Aug 01 2000 00:00:00 GMT+0530 (India Standard Time)","1332.80","1398.90","1295.40","1394.10"
"Fri Sep 01 2000 00:00:00 GMT+0530 (India Standard Time)","1395.90","1482.00","1249.30","1271.60"
"Mon Oct 02 2000 00:00:00 GMT+0530 (India Standard Time)","1270.70","1306.40","1108.20","1172.70"
"Wed Nov 01 2000 00:00:00 GMT+0530 (India Standard Time)","1178.20","1281.00","1177.00","1268.10"
"Fri Dec 01 2000 00:00:00 GMT+0530 (India Standard Time)","1268.00","1369.50","1207.90","1263.50"
"Mon Jan 01 2001 00:00:00 GMT+0530 (India Standard Time)","1263.50","1396.00","1248.50","1371.70"
"Thu Feb 01 2001 00:00:00 GMT+0530 (India Standard Time)","1371.50","1422.90","1281.90","1351.40"
"Thu Mar 01 2001 00:00:00 GMT+0530 (India Standard Time)","1351.70","1399.50","1098.70","1148.20"
"Mon Apr 02 2001 00:00:00 GMT+0530 (India Standard Time)","1148.00","1171.80","1000.10","1125.20"
"Tue May 01 2001 00:00:00 GMT+0530 (India Standard Time)","1125.40","1207.00","1096.20","1167.90"
"Fri Jun 01 2001 00:00:00 GMT+0530 (India Standard Time)","1168.00","1175.80","1060.00","1107.90"
"Mon Jul 02 2001 00:00:00 GMT+0530 (India Standard Time)","1108.30","1127.10","1046.90","1072.80"
"Wed Aug 01 2001 00:00:00 GMT+0530 (India Standard Time)","1073.00","1084.00","1051.70","1053.70"
"Mon Sep 03 2001 00:00:00 GMT+0530 (India Standard Time)","1054.60","1059.90","849.90","913.80"
"Mon Oct 01 2001 00:00:00 GMT+0530 (India Standard Time)","914.60","1000.90","884.60","971.90"
"Thu Nov 01 2001 00:00:00 GMT+0530 (India Standard Time)","973.50","1097.50","973.50","1067.10"
"Mon Dec 03 2001 00:00:00 GMT+0530 (India Standard Time)","1067.20","1132.60","1010.40","1059.00"
"Tue Jan 01 2002 00:00:00 GMT+0530 (India Standard Time)","1058.80","1121.70","1052.00","1075.40"
"Fri Feb 01 2002 00:00:00 GMT+0530 (India Standard Time)","1076.90","1205.90","1069.40","1142.00"
"Fri Mar 01 2002 00:00:00 GMT+0530 (India Standard Time)","1142.00","1201.00","1117.80","1129.50"
"Mon Apr 01 2002 00:00:00 GMT+0530 (India Standard Time)","1129.80","1153.30","1073.30","1084.50"
"Wed May 01 2002 00:00:00 GMT+0530 (India Standard Time)","1084.80","1136.50","1020.10","1028.80"
"Mon Jun 03 2002 00:00:00 GMT+0530 (India Standard Time)","1029.20","1102.00","1029.20","1057.80"
"Mon Jul 01 2002 00:00:00 GMT+0530 (India Standard Time)","1058.00","1087.40","943.60","958.90"
"Thu Aug 01 2002 00:00:00 GMT+0530 (India Standard Time)","959.20","1012.70","935.50","1010.60"
"Mon Sep 02 2002 00:00:00 GMT+0530 (India Standard Time)","1010.90","1024.60","960.20","963.10"
"Tue Oct 01 2002 00:00:00 GMT+0530 (India Standard Time)","961.10","983.60","920.10","951.40"
"Fri Nov 01 2002 00:00:00 GMT+0530 (India Standard Time)","951.40","1057.40","946.40","1050.10"
"Mon Dec 02 2002 00:00:00 GMT+0530 (India Standard Time)","1050.10","1103.90","1034.00","1093.50"
"Wed Jan 01 2003 00:00:00 GMT+0530 (India Standard Time)","1093.50","1105.50","1026.20","1041.80"
"Mon Feb 03 2003 00:00:00 GMT+0530 (India Standard Time)","1040.20","1075.50","1034.00","1063.40"
"Mon Mar 03 2003 00:00:00 GMT+0530 (India Standard Time)","1063.50","1070.80","974.10","978.20"
"Tue Apr 01 2003 00:00:00 GMT+0530 (India Standard Time)","977.40","1033.40","920.00","934.00"
"Thu May 01 2003 00:00:00 GMT+0530 (India Standard Time)","930.90","1013.80","930.80","1006.80"
"Mon Jun 02 2003 00:00:00 GMT+0530 (India Standard Time)","1006.80","1141.30","1004.70","1134.10"
"Tue Jul 01 2003 00:00:00 GMT+0530 (India Standard Time)","1133.90","1198.50","1089.30","1185.80"
"Fri Aug 01 2003 00:00:00 GMT+0530 (India Standard Time)","1185.80","1365.80","1164.70","1356.50"
"Mon Sep 01 2003 00:00:00 GMT+0530 (India Standard Time)","1356.70","1430.70","1285.20","1417.10"
"Wed Oct 01 2003 00:00:00 GMT+0530 (India Standard Time)","1416.60","1574.10","1407.90","1555.90"
"Mon Nov 03 2003 00:00:00 GMT+0530 (India Standard Time)","1556.50","1630.20","1509.10","1615.20"
"Mon Dec 01 2003 00:00:00 GMT+0530 (India Standard Time)","1615.80","1914.40","1615.70","1879.70"
"Thu Jan 01 2004 00:00:00 GMT+0530 (India Standard Time)","1880.30","2014.60","1756.20","1809.70"
"Mon Feb 02 2004 00:00:00 GMT+0530 (India Standard Time)","1809.30","1935.80","1755.60","1800.30"
"Mon Mar 01 2004 00:00:00 GMT+0530 (India Standard Time)","1798.30","1898.70","1669.70","1771.90"
"Thu Apr 01 2004 00:00:00 GMT+0530 (India Standard Time)","1771.40","1912.30","1771.40","1796.10"
"Mon May 03 2004 00:00:00 GMT+0530 (India Standard Time)","1796.10","1837.90","1292.20","1483.60"
"Tue Jun 01 2004 00:00:00 GMT+0530 (India Standard Time)","1483.90","1566.50","1437.90","1505.60"
"Thu Jul 01 2004 00:00:00 GMT+0530 (India Standard Time)","1506.65","1638.70","1472.55","1632.30"
"Mon Aug 02 2004 00:00:00 GMT+0530 (India Standard Time)","1631.55","1658.90","1573.70","1631.75"
"Wed Sep 01 2004 00:00:00 GMT+0530 (India Standard Time)","1631.70","1760.80","1619.90","1745.50"
"Fri Oct 01 2004 00:00:00 GMT+0530 (India Standard Time)","1744.40","1829.45","1737.85","1786.90"
"Mon Nov 01 2004 00:00:00 GMT+0530 (India Standard Time)","1787.30","1963.80","1776.70","1958.80"
"Wed Dec 01 2004 00:00:00 GMT+0530 (India Standard Time)","1960.75","2088.44","1944.50","2080.50"
"Mon Jan 03 2005 00:00:00 GMT+0530 (India Standard Time)","2080.00","2120.15","1894.40","2057.60"
"Tue Feb 01 2005 00:00:00 GMT+0530 (India Standard Time)","2057.75","2110.15","2036.60","2103.25"
"Tue Mar 01 2005 00:00:00 GMT+0530 (India Standard Time)","2103.10","2183.44","1971.15","2035.65"
"Fri Apr 01 2005 00:00:00 GMT+0530 (India Standard Time)","2035.90","2084.90","1896.30","1902.50"
"Mon May 02 2005 00:00:00 GMT+0530 (India Standard Time)","1903.10","2099.35","1898.15","2087.50"
"Wed Jun 01 2005 00:00:00 GMT+0530 (India Standard Time)","2087.80","2226.15","2061.35","2220.60"
"Fri Jul 01 2005 00:00:00 GMT+0530 (India Standard Time)","2220.44","2332.55","2171.25","2312.30"
"Mon Aug 01 2005 00:00:00 GMT+0530 (India Standard Time)","2312.05","2426.65","2294.25","2384.60"
"Thu Sep 01 2005 00:00:00 GMT+0530 (India Standard Time)","2384.69","2633.90","2382.90","2601.40"
"Mon Oct 03 2005 00:00:00 GMT+0530 (India Standard Time)","2601.00","2669.20","2307.44","2370.90"
"Tue Nov 01 2005 00:00:00 GMT+0530 (India Standard Time)","2366.80","2727.05","2366.80","2652.20"
"Thu Dec 01 2005 00:00:00 GMT+0530 (India Standard Time)","2651.60","2857.00","2641.95","2836.50"
"Mon Jan 02 2006 00:00:00 GMT+0530 (India Standard Time)","2836.80","3005.10","2783.85","3001.10"
"Wed Feb 01 2006 00:00:00 GMT+0530 (India Standard Time)","3001.30","3090.30","2928.10","3074.70"
"Wed Mar 01 2006 00:00:00 GMT+0530 (India Standard Time)","3074.60","3433.85","3064.00","3402.55"
"Mon Apr 03 2006 00:00:00 GMT+0530 (India Standard Time)","3403.15","3598.95","3290.35","3557.60"
"Mon May 01 2006 00:00:00 GMT+0530 (India Standard Time)","3557.55","3774.15","2896.40","3071.05"
"Thu Jun 01 2006 00:00:00 GMT+0530 (India Standard Time)","3072.55","3134.15","2595.65","3128.20"
"Mon Jul 03 2006 00:00:00 GMT+0530 (India Standard Time)","3128.75","3208.85","2878.25","3143.20"
"Tue Aug 01 2006 00:00:00 GMT+0530 (India Standard Time)","3128.20","3452.30","3113.60","3413.90"
"Fri Sep 01 2006 00:00:00 GMT+0530 (India Standard Time)","3414.00","3603.70","3328.45","3588.40"
"Mon Oct 02 2006 00:00:00 GMT+0530 (India Standard Time)","3588.95","3782.85","3508.65","3744.10"
"Wed Nov 01 2006 00:00:00 GMT+0530 (India Standard Time)","3744.10","3976.80","3737.00","3954.50"
"Fri Dec 01 2006 00:00:00 GMT+0530 (India Standard Time)","3955.70","4046.85","3657.65","3966.40"
"Mon Jan 01 2007 00:00:00 GMT+0530 (India Standard Time)","3966.25","4167.14","3833.60","4082.70"
"Thu Feb 01 2007 00:00:00 GMT+0530 (India Standard Time)","4083.40","4245.30","3674.85","3745.30"
"Thu Mar 01 2007 00:00:00 GMT+0530 (India Standard Time)","3745.40","3901.75","3554.50","3821.55"
"Mon Apr 02 2007 00:00:00 GMT+0530 (India Standard Time)","3820.00","4217.89","3617.00","4087.90"
"Tue May 01 2007 00:00:00 GMT+0530 (India Standard Time)","4089.45","4306.75","3981.15","4295.80"
"Fri Jun 01 2007 00:00:00 GMT+0530 (India Standard Time)","4296.05","4362.95","4100.80","4318.30"
"Mon Jul 02 2007 00:00:00 GMT+0530 (India Standard Time)","4318.39","4647.95","4304.00","4528.85"
"Wed Aug 01 2007 00:00:00 GMT+0530 (India Standard Time)","4528.85","4532.89","4002.20","4464.00"
"Mon Sep 03 2007 00:00:00 GMT+0530 (India Standard Time)","4466.64","5055.80","4445.55","5021.35"
"Mon Oct 01 2007 00:00:00 GMT+0530 (India Standard Time)","5021.50","5976.00","5000.95","5900.65"
"Thu Nov 01 2007 00:00:00 GMT+0530 (India Standard Time)","5903.80","6011.95","5394.35","5762.75"
"Mon Dec 03 2007 00:00:00 GMT+0530 (India Standard Time)","5765.45","6185.40","5676.70","6138.60"
"Tue Jan 01 2008 00:00:00 GMT+0530 (India Standard Time)","6136.75","6357.10","4448.50","5137.45"
"Fri Feb 01 2008 00:00:00 GMT+0530 (India Standard Time)","5140.60","5545.20","4803.60","5223.50"
"Mon Mar 03 2008 00:00:00 GMT+0530 (India Standard Time)","5222.80","5222.80","4468.55","4734.50"
"Tue Apr 01 2008 00:00:00 GMT+0530 (India Standard Time)","4735.64","5230.75","4628.75","5165.89"
"Thu May 01 2008 00:00:00 GMT+0530 (India Standard Time)","5265.30","5298.85","4801.89","4870.10"
"Mon Jun 02 2008 00:00:00 GMT+0530 (India Standard Time)","4869.25","4908.80","4021.70","4040.55"
"Tue Jul 01 2008 00:00:00 GMT+0530 (India Standard Time)","4039.75","4539.45","3790.20","4332.95"
"Fri Aug 01 2008 00:00:00 GMT+0530 (India Standard Time)","4331.60","4649.85","4201.85","4360.00"
"Mon Sep 01 2008 00:00:00 GMT+0530 (India Standard Time)","4356.10","4558.00","3715.05","3921.20"
"Wed Oct 01 2008 00:00:00 GMT+0530 (India Standard Time)","3921.85","4000.50","2252.75","2885.60"
"Mon Nov 03 2008 00:00:00 GMT+0530 (India Standard Time)","2885.40","3240.55","2502.90","2755.10"
"Mon Dec 01 2008 00:00:00 GMT+0530 (India Standard Time)","2755.15","3110.45","2570.69","2959.15"
"Thu Jan 01 2009 00:00:00 GMT+0530 (India Standard Time)","2963.30","3147.20","2661.65","2874.80"
"Mon Feb 02 2009 00:00:00 GMT+0530 (India Standard Time)","2872.35","2969.75","2677.55","2763.65"
"Mon Mar 02 2009 00:00:00 GMT+0530 (India Standard Time)","2764.60","3123.35","2539.44","3020.95"
"Wed Apr 01 2009 00:00:00 GMT+0530 (India Standard Time)","3023.85","3517.25","2965.70","3473.95"
"Fri May 01 2009 00:00:00 GMT+0530 (India Standard Time)","3478.70","4509.39","3478.70","4448.95"
"Mon Jun 01 2009 00:00:00 GMT+0530 (India Standard Time)","4450.39","4693.20","4143.25","4291.10"
"Wed Jul 01 2009 00:00:00 GMT+0530 (India Standard Time)","4292.30","4669.75","3918.75","4636.45"
"Mon Aug 03 2009 00:00:00 GMT+0530 (India Standard Time)","4633.80","4743.75","4353.45","4662.10"
"Tue Sep 01 2009 00:00:00 GMT+0530 (India Standard Time)","4662.20","5087.60","4576.60","5083.95"
"Thu Oct 01 2009 00:00:00 GMT+0530 (India Standard Time)","5087.20","5181.95","4687.50","4711.70"
"Mon Nov 02 2009 00:00:00 GMT+0530 (India Standard Time)","4712.25","5138.00","4538.50","5032.70"
"Tue Dec 01 2009 00:00:00 GMT+0530 (India Standard Time)","5039.70","5221.85","4943.95","5201.05"
"Fri Jan 01 2010 00:00:00 GMT+0530 (India Standard Time)","5200.89","5310.85","4766.00","4882.05"
"Mon Feb 01 2010 00:00:00 GMT+0530 (India Standard Time)","4882.05","4992.00","4675.39","4922.30"
"Mon Mar 01 2010 00:00:00 GMT+0530 (India Standard Time)","4935.60","5329.55","4935.35","5249.10"
"Thu Apr 01 2010 00:00:00 GMT+0530 (India Standard Time)","5249.20","5399.65","5160.89","5278.00"
"Mon May 03 2010 00:00:00 GMT+0530 (India Standard Time)","5278.40","5278.70","4786.45","5086.30"
"Tue Jun 01 2010 00:00:00 GMT+0530 (India Standard Time)","5086.25","5366.75","4961.05","5312.50"
"Thu Jul 01 2010 00:00:00 GMT+0530 (India Standard Time)","5312.05","5477.50","5225.60","5367.60"
"Mon Aug 02 2010 00:00:00 GMT+0530 (India Standard Time)","5369.55","5549.80","5348.90","5402.40"
"Wed Sep 01 2010 00:00:00 GMT+0530 (India Standard Time)","5403.05","6073.50","5403.05","6029.95"
"Fri Oct 01 2010 00:00:00 GMT+0530 (India Standard Time)","6030.30","6284.10","5937.10","6017.70"
"Mon Nov 01 2010 00:00:00 GMT+0530 (India Standard Time)","6092.30","6338.50","5690.35","5862.70"
"Wed Dec 01 2010 00:00:00 GMT+0530 (India Standard Time)","5871.00","6147.30","5721.15","6134.50"
"Mon Jan 03 2011 00:00:00 GMT+0530 (India Standard Time)","6177.45","6181.05","5416.65","5505.90"
"Tue Feb 01 2011 00:00:00 GMT+0530 (India Standard Time)","5537.30","5599.25","5177.70","5333.25"
"Tue Mar 01 2011 00:00:00 GMT+0530 (India Standard Time)","5382.00","5872.00","5348.20","5833.75"
"Fri Apr 01 2011 00:00:00 GMT+0530 (India Standard Time)","5835.00","5944.45","5693.25","5749.50"
"Mon May 02 2011 00:00:00 GMT+0530 (India Standard Time)","5766.90","5775.25","5328.70","5560.15"
"Wed Jun 01 2011 00:00:00 GMT+0530 (India Standard Time)","5561.05","5657.90","5195.89","5647.40"
"Fri Jul 01 2011 00:00:00 GMT+0530 (India Standard Time)","5705.75","5740.40","5453.95","5482.00"
"Mon Aug 01 2011 00:00:00 GMT+0530 (India Standard Time)","5527.50","5551.90","4720.00","5001.00"
"Thu Sep 01 2011 00:00:00 GMT+0530 (India Standard Time)","5109.80","5169.25","4758.85","4943.25"
"Mon Oct 03 2011 00:00:00 GMT+0530 (India Standard Time)","4874.39","5399.70","4728.30","5326.60"
"Tue Nov 01 2011 00:00:00 GMT+0530 (India Standard Time)","5278.60","5326.45","4639.10","4832.05"
"Thu Dec 01 2011 00:00:00 GMT+0530 (India Standard Time)","4970.85","5099.25","4531.14","4624.30"
"Mon Jan 02 2012 00:00:00 GMT+0530 (India Standard Time)","4640.20","5217.00","4588.05","5199.25"
"Wed Feb 01 2012 00:00:00 GMT+0530 (India Standard Time)","5198.14","5629.95","5159.00","5385.20"
"Thu Mar 01 2012 00:00:00 GMT+0530 (India Standard Time)","5366.00","5499.40","5135.95","5295.55"
"Mon Apr 02 2012 00:00:00 GMT+0530 (India Standard Time)","5296.35","5378.75","5154.30","5248.15"
"Tue May 01 2012 00:00:00 GMT+0530 (India Standard Time)","5254.30","5279.60","4788.95","4924.25"
"Fri Jun 01 2012 00:00:00 GMT+0530 (India Standard Time)","4910.85","5286.25","4770.35","5278.90"
"Mon Jul 02 2012 00:00:00 GMT+0530 (India Standard Time)","5283.85","5348.55","5032.39","5229.00"
"Wed Aug 01 2012 00:00:00 GMT+0530 (India Standard Time)","5220.70","5448.60","5164.64","5258.50"
"Mon Sep 03 2012 00:00:00 GMT+0530 (India Standard Time)","5276.50","5735.15","5215.70","5703.30"
"Mon Oct 01 2012 00:00:00 GMT+0530 (India Standard Time)","5704.75","5815.35","4888.20","5619.70"
"Thu Nov 01 2012 00:00:00 GMT+0530 (India Standard Time)","5609.85","5885.25","5548.35","5879.85"
"Mon Dec 03 2012 00:00:00 GMT+0530 (India Standard Time)","5878.25","5965.15","5823.15","5905.10"
"Tue Jan 01 2013 00:00:00 GMT+0530 (India Standard Time)","5937.65","6111.80","5935.20","6034.75"
"Fri Feb 01 2013 00:00:00 GMT+0530 (India Standard Time)","6040.95","6052.95","5671.90","5693.05"
"Fri Mar 01 2013 00:00:00 GMT+0530 (India Standard Time)","5702.45","5971.20","5604.85","5682.55"
"Mon Apr 01 2013 00:00:00 GMT+0530 (India Standard Time)","5697.35","5962.30","5477.20","5930.20"
"Wed May 01 2013 00:00:00 GMT+0530 (India Standard Time)","5911.40","6229.45","5910.95","5985.95"
"Mon Jun 03 2013 00:00:00 GMT+0530 (India Standard Time)","5997.35","6011.00","5566.25","5842.20"
"Mon Jul 01 2013 00:00:00 GMT+0530 (India Standard Time)","5834.10","6093.35","5675.75","5742.00"
"Thu Aug 01 2013 00:00:00 GMT+0530 (India Standard Time)","5776.90","5808.50","5118.85","5471.80"
"Mon Sep 02 2013 00:00:00 GMT+0530 (India Standard Time)","5480.25","6142.50","5318.90","5735.30"
"Tue Oct 01 2013 00:00:00 GMT+0530 (India Standard Time)","5756.10","6309.05","5700.95","6299.15"
"Fri Nov 01 2013 00:00:00 GMT+0530 (India Standard Time)","6289.75","6342.95","5972.45","6176.10"
"Mon Dec 02 2013 00:00:00 GMT+0530 (India Standard Time)","6171.15","6415.25","6129.95","6304.00"
"Wed Jan 01 2014 00:00:00 GMT+0530 (India Standard Time)","6323.80","6358.30","6027.25","6089.50"
"Mon Feb 03 2014 00:00:00 GMT+0530 (India Standard Time)","6058.80","6282.70","5933.30","6276.95"
"Mon Mar 03 2014 00:00:00 GMT+0530 (India Standard Time)","6264.35","6730.05","6212.25","6704.20"
"Tue Apr 01 2014 00:00:00 GMT+0530 (India Standard Time)","6729.50","6869.85","6650.40","6696.40"
"Thu May 01 2014 00:00:00 GMT+0530 (India Standard Time)","6709.95","7563.50","6638.55","7229.95"
"Mon Jun 02 2014 00:00:00 GMT+0530 (India Standard Time)","7264.05","7700.05","7239.50","7611.35"
"Tue Jul 01 2014 00:00:00 GMT+0530 (India Standard Time)","7629.00","7840.95","7422.15","7721.30"
"Fri Aug 01 2014 00:00:00 GMT+0530 (India Standard Time)","7662.50","7968.25","7540.10","7954.35"
"Mon Sep 01 2014 00:00:00 GMT+0530 (India Standard Time)","7990.35","8180.20","7841.80","7964.80"
"Wed Oct 01 2014 00:00:00 GMT+0530 (India Standard Time)","7960.50","8330.75","7723.85","8322.20"
"Mon Nov 03 2014 00:00:00 GMT+0530 (India Standard Time)","8348.15","8617.00","8290.25","8588.25"
"Mon Dec 01 2014 00:00:00 GMT+0530 (India Standard Time)","8605.10","8626.95","7961.35","8282.70"
"Thu Jan 01 2015 00:00:00 GMT+0530 (India Standard Time)","8272.79","8996.60","8065.45","8808.90"
"Mon Feb 02 2015 00:00:00 GMT+0530 (India Standard Time)","8802.50","8941.10","8470.50","8901.79"
"Mon Mar 02 2015 00:00:00 GMT+0530 (India Standard Time)","8953.85","9119.20","8269.15","8491.00"
"Wed Apr 01 2015 00:00:00 GMT+0530 (India Standard Time)","8483.70","8844.79","8144.75","8181.50"
"Fri May 01 2015 00:00:00 GMT+0530 (India Standard Time)","8230.04","8489.54","7997.15","8433.60"
"Mon Jun 01 2015 00:00:00 GMT+0530 (India Standard Time)","8417.25","8467.15","7940.30","8368.50"
"Wed Jul 01 2015 00:00:00 GMT+0530 (India Standard Time)","8376.25","8654.75","8315.40","8532.85"
"Mon Aug 03 2015 00:00:00 GMT+0530 (India Standard Time)","8510.65","8621.54","7667.25","7971.30"
"Tue Sep 01 2015 00:00:00 GMT+0530 (India Standard Time)","7907.95","8055.00","7539.50","7948.90"
"Thu Oct 01 2015 00:00:00 GMT+0530 (India Standard Time)","7992.05","8336.29","7930.65","8065.80"
"Mon Nov 02 2015 00:00:00 GMT+0530 (India Standard Time)","8054.55","8116.10","7714.15","7935.25"
"Tue Dec 01 2015 00:00:00 GMT+0530 (India Standard Time)","7958.15","7979.30","7551.05","7946.35"
"Fri Jan 01 2016 00:00:00 GMT+0530 (India Standard Time)","7938.45","7972.55","7241.50","7563.55"
"Mon Feb 01 2016 00:00:00 GMT+0530 (India Standard Time)","7589.50","7600.45","6825.80","6987.05"
"Tue Mar 01 2016 00:00:00 GMT+0530 (India Standard Time)","7038.25","7777.60","7035.10","7738.40"
"Fri Apr 01 2016 00:00:00 GMT+0530 (India Standard Time)","7718.05","7992.00","7516.85","7849.80"
"Mon May 02 2016 00:00:00 GMT+0530 (India Standard Time)","7822.70","8213.60","7678.35","8160.10"
"Wed Jun 01 2016 00:00:00 GMT+0530 (India Standard Time)","8179.20","8308.15","7927.05","8287.75"
"Fri Jul 01 2016 00:00:00 GMT+0530 (India Standard Time)","8313.04","8674.70","8287.54","8638.50"
"Mon Aug 01 2016 00:00:00 GMT+0530 (India Standard Time)","8654.29","8819.20","8518.15","8786.20"
"Thu Sep 01 2016 00:00:00 GMT+0530 (India Standard Time)","8793.60","8968.70","8555.20","8611.15"
"Mon Oct 03 2016 00:00:00 GMT+0530 (India Standard Time)","8666.15","8806.95","8506.15","8625.70"
"Tue Nov 01 2016 00:00:00 GMT+0530 (India Standard Time)","8653.15","8669.60","7916.40","8224.50"
"Thu Dec 01 2016 00:00:00 GMT+0530 (India Standard Time)","8244.00","8274.95","7893.80","8185.80"
"Mon Jan 02 2017 00:00:00 GMT+0530 (India Standard Time)","8210.10","8672.70","8133.80","8561.30"
"Wed Feb 01 2017 00:00:00 GMT+0530 (India Standard Time)","8570.35","8982.15","8537.50","8879.60"
"Wed Mar 01 2017 00:00:00 GMT+0530 (India Standard Time)","8904.40","9218.40","8860.10","9173.75"
"Mon Apr 03 2017 00:00:00 GMT+0530 (India Standard Time)","9220.60","9367.15","9075.15","9304.05"
"Mon May 01 2017 00:00:00 GMT+0530 (India Standard Time)","9339.85","9649.60","9269.90","9621.25"
"Thu Jun 01 2017 00:00:00 GMT+0530 (India Standard Time)","9603.54","9709.30","9448.75","9520.90"
"Mon Jul 03 2017 00:00:00 GMT+0530 (India Standard Time)","9587.95","10114.85","9543.54","10077.10"
"Tue Aug 01 2017 00:00:00 GMT+0530 (India Standard Time)","10101.04","10137.85","9685.54","9917.90"
"Fri Sep 01 2017 00:00:00 GMT+0530 (India Standard Time)","9937.65","10178.95","9687.54","9788.60"
"Mon Oct 02 2017 00:00:00 GMT+0530 (India Standard Time)","9893.29","10384.50","9831.04","10335.30"
"Wed Nov 01 2017 00:00:00 GMT+0530 (India Standard Time)","10390.35","10490.45","10094.00","10226.55"
"Fri Dec 01 2017 00:00:00 GMT+0530 (India Standard Time)","10263.70","10552.40","10033.35","10530.70"
"Mon Jan 01 2018 00:00:00 GMT+0530 (India Standard Time)","10531.70","11171.55","10404.65","11027.70"
"Thu Feb 01 2018 00:00:00 GMT+0530 (India Standard Time)","11044.55","11117.35","10276.29","10492.85"
"Thu Mar 01 2018 00:00:00 GMT+0530 (India Standard Time)","10479.95","10525.50","9951.90","10113.70"
"Mon Apr 02 2018 00:00:00 GMT+0530 (India Standard Time)","10151.65","10759.00","10111.29","10739.35"
"Tue May 01 2018 00:00:00 GMT+0530 (India Standard Time)","10783.85","10929.20","10417.79","10736.15"
"Fri Jun 01 2018 00:00:00 GMT+0530 (India Standard Time)","10738.45","10893.25","10550.90","10714.30"
"Mon Jul 02 2018 00:00:00 GMT+0530 (India Standard Time)","10732.35","11366.00","10604.65","11356.50"
"Wed Aug 01 2018 00:00:00 GMT+0530 (India Standard Time)","11359.80","11760.20","11234.95","11680.50"
"Mon Sep 03 2018 00:00:00 GMT+0530 (India Standard Time)","11751.80","11751.80","10850.30","10930.45"
"Mon Oct 01 2018 00:00:00 GMT+0530 (India Standard Time)","10930.90","11035.65","10004.54","10386.60"
"Thu Nov 01 2018 00:00:00 GMT+0530 (India Standard Time)","10441.70","10922.45","10341.90","10876.75"
"Mon Dec 03 2018 00:00:00 GMT+0530 (India Standard Time)","10930.70","10985.15","10333.85","10862.55"
"Tue Jan 01 2019 00:00:00 GMT+0530 (India Standard Time)","10881.70","10987.45","10583.65","10830.95"
"Fri Feb 01 2019 00:00:00 GMT+0530 (India Standard Time)","10851.35","11118.10","10585.65","10792.50"
"Fri Mar 01 2019 00:00:00 GMT+0530 (India Standard Time)","10842.65","11630.35","10817.00","11623.90"
"Mon Apr 01 2019 00:00:00 GMT+0530 (India Standard Time)","11665.20","11856.15","11549.10","11748.15"
"Wed May 01 2019 00:00:00 GMT+0530 (India Standard Time)","11725.55","12041.15","11108.30","11922.80"
"Mon Jun 03 2019 00:00:00 GMT+0530 (India Standard Time)","11953.75","12103.05","11625.10","11788.85"
"Mon Jul 01 2019 00:00:00 GMT+0530 (India Standard Time)","11839.90","11981.75","10999.40","11118.00"
"Thu Aug 01 2019 00:00:00 GMT+0530 (India Standard Time)","11060.20","11181.45","10637.15","11023.25"
"Mon Sep 02 2019 00:00:00 GMT+0530 (India Standard Time)","10960.95","11694.85","10670.25","11474.45"
"Tue Oct 01 2019 00:00:00 GMT+0530 (India Standard Time)","11515.40","11945.00","11090.15","11877.45"
"Fri Nov 01 2019 00:00:00 GMT+0530 (India Standard Time)","11886.60","12158.80","11802.65","12056.05"
"Mon Dec 02 2019 00:00:00 GMT+0530 (India Standard Time)","12137.05","12293.90","11832.30","12168.45"
"Wed Jan 01 2020 00:00:00 GMT+0530 (India Standard Time)","12202.15","12430.50","11929.60","11962.10"
"Sat Feb 01 2020 00:00:00 GMT+0530 (India Standard Time)","11939.00","12246.70","11175.05","11201.75"
"Mon Mar 02 2020 00:00:00 GMT+0530 (India Standard Time)","11387.35","11433.00","7511.10","8597.75"
"Wed Apr 01 2020 00:00:00 GMT+0530 (India Standard Time)","8584.10","9889.04","8055.80","9859.90"
"Fri May 01 2020 00:00:00 GMT+0530 (India Standard Time)","9533.50","9598.85","8806.75","9580.29"
"Mon Jun 01 2020 00:00:00 GMT+0530 (India Standard Time)","9726.85","10553.15","9544.35","10302.10"
"Wed Jul 01 2020 00:00:00 GMT+0530 (India Standard Time)","10323.79","11341.40","10299.60","11073.45"
"Mon Aug 03 2020 00:00:00 GMT+0530 (India Standard Time)","11057.55","11794.25","10882.25","11387.50"
"Tue Sep 01 2020 00:00:00 GMT+0530 (India Standard Time)","11464.30","11618.10","10790.20","11247.55"
"Thu Oct 01 2020 00:00:00 GMT+0530 (India Standard Time)","11364.45","12025.45","11347.05","11642.40"
"Mon Nov 02 2020 00:00:00 GMT+0530 (India Standard Time)","11697.35","13145.85","11557.40","12968.95"
"Tue Dec 01 2020 00:00:00 GMT+0530 (India Standard Time)","13062.20","14024.85","12962.80","13981.75"
"Fri Jan 01 2021 00:00:00 GMT+0530 (India Standard Time)","13996.10","14753.55","13596.75","13634.60"
"Mon Feb 01 2021 00:00:00 GMT+0530 (India Standard Time)","13758.60","15431.75","13661.75","14529.15"
"Mon Mar 01 2021 00:00:00 GMT+0530 (India Standard Time)","14702.50","15336.30","14264.40","14690.70"
"Thu Apr 01 2021 00:00:00 GMT+0530 (India Standard Time)","14798.40","15044.35","14151.40","14631.10"
"Mon May 03 2021 00:00:00 GMT+0530 (India Standard Time)","14481.05","15606.35","14416.25","15582.80"
"Tue Jun 01 2021 00:00:00 GMT+0530 (India Standard Time)","15629.65","15915.65","15450.90","15721.50"
"Thu Jul 01 2021 00:00:00 GMT+0530 (India Standard Time)","15755.05","15962.25","15513.45","15763.05"
"Mon Aug 02 2021 00:00:00 GMT+0530 (India Standard Time)","15874.90","17153.50","15834.65","17132.20"
"Wed Sep 01 2021 00:00:00 GMT+0530 (India Standard Time)","17185.59","17947.65","17055.05","17618.15"
"Fri Oct 01 2021 00:00:00 GMT+0530 (India Standard Time)","17531.90","18604.45","17452.90","17671.65"
"Mon Nov 01 2021 00:00:00 GMT+0530 (India Standard Time)","17783.15","18210.15","16782.40","16983.20"
"Wed Dec 01 2021 00:00:00 GMT+0530 (India Standard Time)","17104.40","17639.50","16410.20","17354.05"
"Mon Jan 03 2022 00:00:00 GMT+0530 (India Standard Time)","17387.15","18350.95","16836.80","17339.84"
"Tue Feb 01 2022 00:00:00 GMT+0530 (India Standard Time)","17529.45","17794.59","16203.25","16793.90"
"Tue Mar 01 2022 00:00:00 GMT+0530 (India Standard Time)","16593.10","17559.80","15671.45","17464.75"
"Fri Apr 01 2022 00:00:00 GMT+0530 (India Standard Time)","17436.90","18114.65","16824.70","17102.55"
"Mon May 02 2022 00:00:00 GMT+0530 (India Standard Time)","16924.45","17132.85","15735.75","16584.55"
"Wed Jun 01 2022 00:00:00 GMT+0530 (India Standard Time)","16594.40","16793.85","15183.40","15780.25"
"Fri Jul 01 2022 00:00:00 GMT+0530 (India Standard Time)","15703.70","17172.80","15511.05","17158.25"
"Mon Aug 01 2022 00:00:00 GMT+0530 (India Standard Time)","17243.20","17992.20","17154.80","17759.30"
"Thu Sep 01 2022 00:00:00 GMT+0530 (India Standard Time)","17485.70","18096.15","16747.70","17094.35"
"Mon Oct 03 2022 00:00:00 GMT+0530 (India Standard Time)","17102.10","18022.80","16855.55","18012.20"
"Tue Nov 01 2022 00:00:00 GMT+0530 (India Standard Time)","18130.70","18816.05","17959.20","18758.35"
"Thu Dec 01 2022 00:00:00 GMT+0530 (India Standard Time)","18871.95","18887.60","17774.25","18105.30"
"Mon Jan 02 2023 00:00:00 GMT+0530 (India Standard Time)","18131.70","18251.95","17405.55","17662.15"
"Wed Feb 01 2023 00:00:00 GMT+0530 (India Standard Time)","17811.60","18134.75","17255.20","17303.95"
"Wed Mar 01 2023 00:00:00 GMT+0530 (India Standard Time)","17360.10","17799.95","16828.35","17359.75"
"Mon Apr 03 2023 00:00:00 GMT+0530 (India Standard Time)","17427.95","18089.15","17312.75","18065.00"
"Mon May 01 2023 00:00:00 GMT+0530 (India Standard Time)","18124.80","18662.45","18042.40","18534.40"
"Thu Jun 01 2023 00:00:00 GMT+0530 (India Standard Time)","18579.40","19201.70","18464.55","19189.05"
"Mon Jul 03 2023 00:00:00 GMT+0530 (India Standard Time)","19246.50","19991.85","19234.40","19753.80"
"Tue Aug 01 2023 00:00:00 GMT+0530 (India Standard Time)","19784.00","19795.60","19223.65","19253.80"
"Fri Sep 01 2023 00:00:00 GMT+0530 (India Standard Time)","19258.15","20222.45","19255.70","19638.30"
"Mon Oct 02 2023 00:00:00 GMT+0530 (India Standard Time)","19622.40","19849.75","18837.85","19079.60"
"Wed Nov 01 2023 00:00:00 GMT+0530 (India Standard Time)","19064.05","20158.70","18973.70","20133.15"
"Fri Dec 01 2023 00:00:00 GMT+0530 (India Standard Time)","20194.10","21801.45","20183.70","21731.40"
"Mon Jan 01 2024 00:00:00 GMT+0530 (India Standard Time)","21727.75","22124.15","21137.20","21725.70"
"Thu Feb 01 2024 00:00:00 GMT+0530 (India Standard Time)","21780.65","22297.50","21530.20","21982.80"
"Fri Mar 01 2024 00:00:00 GMT+0530 (India Standard Time)","22048.30","22526.60","21710.20","22326.90"
"Mon Apr 01 2024 00:00:00 GMT+0530 (India Standard Time)","22455.00","22783.35","21777.65","22604.85"
"Wed May 01 2024 00:00:00 GMT+0530 (India Standard Time)","22567.85","23110.80","21821.05","22530.70"
"Mon Jun 03 2024 00:00:00 GMT+0530 (India Standard Time)","23337.90","24174.00","21281.45","24010.60"
"Mon Jul 01 2024 00:00:00 GMT+0530 (India Standard Time)","23992.95","24999.75","23992.70","24951.15"
"Thu Aug 01 2024 00:00:00 GMT+0530 (India Standard Time)","25030.95","25268.35","23893.70","25235.90"
"Mon Sep 02 2024 00:00:00 GMT+0530 (India Standard Time)","25333.60","26277.35","24753.15","25810.85"
"Tue Oct 01 2024 00:00:00 GMT+0530 (India Standard Time)","25788.45","25907.60","24073.90","24205.35"
"Fri Nov 01 2024 00:00:00 GMT+0530 (India Standard Time)","24302.75","24537.60","23263.15","24131.10"
"Mon Dec 02 2024 00:00:00 GMT+0530 (India Standard Time)","24140.85","24857.75","23460.45","23644.80"
"Wed Jan 01 2025 00:00:00 GMT+0530 (India Standard Time)","23637.65","24226.70","22786.90","23508.40"
"Sat Feb 01 2025 00:00:00 GMT+0530 (India Standard Time)","23528.60","23807.30","22104.85","22124.70"
"Mon Mar 03 2025 00:00:00 GMT+0530 (India Standard Time)","22194.55","23869.60","21964.60","23519.35"
"Tue Apr 01 2025 00:00:00 GMT+0530 (India Standard Time)","23341.10","24457.65","21743.65","24334.20"
"Thu May 01 2025 00:00:00 GMT+0530 (India Standard Time)","24311.90","25116.25","23935.75","24750.70"
"Mon Jun 02 2025 00:00:00 GMT+0530 (India Standard Time)","24669.70","25669.35","24473.00","25517.05"
"Tue Jul 01 2025 00:00:00 GMT+0530 (India Standard Time)","25551.35","25608.10","24598.60","24768.35"
"Fri Aug 01 2025 00:00:00 GMT+0530 (India Standard Time)","24734.90","25153.65","24337.50","24426.85"
"Mon Sep 01 2025 00:00:00 GMT+0530 (India Standard Time)","24432.70","25448.55","24432.70","24611.10"
"Wed Oct 01 2025 00:00:00 GMT+0530 (India Standard Time)","24620.55","26104.20","24605.95","25722.10"
"Mon Nov 03 2025 00:00:00 GMT+0530 (India Standard Time)","25696.85","26310.45","25318.45","26202.95"
"Mon Dec 01 2025 00:00:00 GMT+0530 (India Standard Time)","26325.80","26325.80","25693.25","26129.60"
"Thu Jan 01 2026 00:00:00 GMT+0530 (India Standard Time)","26173.30","26373.20","24919.80","25320.65"
"Sun Feb 01 2026 00:00:00 GMT+0530 (India Standard Time)","25333.75","26341.20","24571.75","25178.65"
"Mon Mar 02 2026 00:00:00 GMT+0530 (India Standard Time)","24659.25","24989.35","22283.85","22331.40"
"Wed Apr 01 2026 00:00:00 GMT+0530 (India Standard Time)","22899.00","24601.70","22182.55","23997.55"
